Preview_ID,Category,Preview_File,Preview_Path,Model_File,Model_Path,Base_Object_ID,View_Number,Variant,Korean_Name,English_Name,Material_or_Ship_Type,Period_or_Date,Location,Measurement_Basis,Length_Min_m,Length_Max_m,Width_Min_m,Width_Max_m,Height_Min_m,Height_Max_m,Diameter_m,Rim_Diameter_m,Foot_Diameter_m,Bottom_Diameter_m,Inner_Base_Ring_Diameter_m,Opening_Diameter_m,Foot_Height_Inner_m,Foot_Height_Outer_m,Handle_Height_m,Handle_Diameter_m,Component_Length_m,Component_Width_m,Handle_or_Stem_Width_Min_m,Handle_or_Stem_Width_Max_m,Thickness_Min_m,Thickness_Max_m,Draft_m,Gross_Tonnage_GT,Overall_Length_m,Overall_Width_m,Overall_Height_m,Size_Status,Confidence,Estimation_Method,Source_1,Source_1_URL,Source_Page_or_Record,Source_2,Source_2_URL,Source_Notes,Model_Match_Status,Unit,Link_Fix
mado18-121,Ceramics,mado18-121_2.png,2d/mado18-121_2.png,mado18-121.fbx,3d/mado18-121.fbx,mado18-121,combined,multiple source views (not composited),청자매병편,Shard of Celadon Maebyeong,Celadon fragment,고려시대 추정 / Goryeo-period type,태안 마도해역 / Waters off Taean–Mado,Remaining fragment measurements,,,,,0.082,0.082,,0.052,,,,,,,,,,,,,0.0045,0.0085,,,0.052,0.052,0.082,Source-reported remaining dimensions,High,,2021년 태안 마도해역 시굴조사 보고서 / Waters off the Taean–Mado Underwater Excavation (2021),https://www.seamuse.go.kr/resources/academiccultural/info/2894,"p.132, record 096",GitHub project inventory and model metadata,https://github.com/KateHwang0929/shipwreck-sonar-ai/tree/main/3d%20modeling,The complete vessel diameter is not preserved; 0.052 m is the preserved/reconstructed rim envelope used for scaling.,Consolidated asset; source views combined,m,
mado18-130,Ceramics,mado18-130_1.png,2d/mado18-130_1.png,mado18-130.fbx,3d/mado18-130.fbx,mado18-130,combined,multiple source views (not composited),도기접시,Earthenware Dish,Earthenware dish,,태안 마도해역 / Waters off Taean–Mado,Measured object,,,,,0.027,0.027,,0.091,0.04,,,,0.0035,0.007,,,,,,,0.003,0.007,,,0.091,0.091,0.027,Source-reported dimensions,High,,2021년 태안 마도해역 시굴조사 보고서 / Waters off the Taean–Mado Underwater Excavation (2021),https://www.seamuse.go.kr/resources/academiccultural/info/2894,"p.148, record 118",GitHub project inventory and model metadata,https://github.com/KateHwang0929/shipwreck-sonar-ai/tree/main/3d%20modeling,,Consolidated asset; source views combined,m,
mado18-154,Ceramics,mado18-154_1.png,2d/mado18-154_1.png,mado18-154.fbx,3d/mado18-154.fbx,mado18-154,combined,multiple source views (not composited),청자음각연판문발,Celadon Bowl with Incised Lotus-Petal Design,Celadon bowl,고려시대 / Goryeo period,태안 마도해역 / Waters off Taean–Mado,Measured object; height is a range,,,,,0.071,0.073,,0.16,0.06,,0.032,,0.0015,0.0075,,,,,,,0.0035,0.0085,,,0.16,0.16,0.073,Source-reported dimensions,High,,2021년 태안 마도해역 시굴조사 보고서 / Waters off the Taean–Mado Underwater Excavation (2021),https://www.seamuse.go.kr/resources/academiccultural/info/2894,"p.79, record 015",GitHub project inventory and model metadata,https://github.com/KateHwang0929/shipwreck-sonar-ai/tree/main/3d%20modeling,,Consolidated asset; source views combined,m,
mado18-20,Ceramics,mado18-20_1.png; mado18-20_2.png; mado18-20_3.png,2d/mado18-20_1.png; 2d/mado18-20_2.png; 2d/mado18-20_3.png,mado18-20.fbx,3d/mado18-20.fbx,mado18-20,combined,multiple source views (not composited),도기소병,Earthenware Small Bottle,Chinese earthenware bottle,중국 도기 / Chinese earthenware,태안 마도해역 / Waters off Taean–Mado,Measured object; height is a range,,,,,0.1,0.111,,0.046,0.042,,,,,,,,,,,,0.005,0.0085,,,0.046,0.046,0.111,Source-reported dimensions,High,,2021년 태안 마도해역 시굴조사 보고서 / Waters off the Taean–Mado Underwater Excavation (2021),https://www.seamuse.go.kr/resources/academiccultural/info/2894,"p.170, record 152",GitHub project inventory and model metadata,https://github.com/KateHwang0929/shipwreck-sonar-ai/tree/main/3d%20modeling,,Consolidated asset; source views combined,m,
mado18-27,Ceramics,mado18-27_1.png; mado18-27_2.png; mado18-27_3.png,2d/mado18-27_1.png; 2d/mado18-27_2.png; 2d/mado18-27_3.png,mado18-27.fbx,3d/mado18-27.fbx,mado18-27,combined,multiple source views (not composited),청자발,Celadon Bowl,"Celadon bowl, type II-1Aa",고려시대 / Goryeo period,태안 마도해역 / Waters off Taean–Mado,Measured object,,,,,0.06,0.06,,0.164,0.066,,,,0.0055,0.009,,,,,,,0.004,0.008,,,0.164,0.164,0.06,Source-reported dimensions,High,,2021년 태안 마도해역 시굴조사 보고서 / Waters off the Taean–Mado Underwater Excavation (2021),https://www.seamuse.go.kr/resources/academiccultural/info/2894,"p.75, record 007",GitHub project inventory and model metadata,https://github.com/KateHwang0929/shipwreck-sonar-ai/tree/main/3d%20modeling,,Consolidated asset; source views combined,m,
mado18-28,Ceramics,mado18-28_1.png; mado18-28_2.png; mado18-28_3.png; mado18-28_4.png,2d/mado18-28_1.png; 2d/mado18-28_2.png; 2d/mado18-28_3.png; 2d/mado18-28_4.png,mado18-28.fbx,3d/mado18-28.fbx,mado18-28,combined,multiple source views (not composited),암키와편,Shard of Concave Roof Tile,Roof tile fragment,,태안 마도해역 / Waters off Taean–Mado,Remaining fragment measurements,0.219,0.219,0.142,0.142,,,,,,,,,,,,,,,,,0.013,0.015,,,0.219,0.142,0.015,Source-reported remaining dimensions,High,,2021년 태안 마도해역 시굴조사 보고서 / Waters off the Taean–Mado Underwater Excavation (2021),https://www.seamuse.go.kr/resources/academiccultural/info/2894,"p.177, record 157",GitHub project inventory and model metadata,https://github.com/KateHwang0929/shipwreck-sonar-ai/tree/main/3d%20modeling,,Consolidated asset; source views combined,m,
mado18-2,Ceramics,mado18-2_1.png; mado18-2_2.png; mado18-2_3.png,2d/mado18-2_1.png; 2d/mado18-2_2.png; 2d/mado18-2_3.png,mado18-2.fbx,3d/mado18-2.fbx,mado18-2,combined,multiple source views (not composited),도기사이호편,Shard of Four-Handled Jar with Brown Glaze,Chinese brown-glazed earthenware jar fragment,12세기 전반–15세기 추정 / Estimated 12th–15th century,태안 마도해역 / Waters off Taean–Mado,Preserved height and restored rim diameter,,,,,0.076,0.076,,0.071,,,,,,,,,,,,,0.003,0.007,,,0.071,0.071,0.076,Mixed preserved and restored dimensions,High,,2021년 태안 마도해역 시굴조사 보고서 / Waters off the Taean–Mado Underwater Excavation (2021),https://www.seamuse.go.kr/resources/academiccultural/info/2894,"p.171, record 153",GitHub project inventory and model metadata,https://github.com/KateHwang0929/shipwreck-sonar-ai/tree/main/3d%20modeling,The report's English caption reads 'Shard of Four Handles Jar with brown glaze'; wording is normalized here to 'Four-Handled'.,Consolidated asset; source views combined,m,
mado18-39,Ceramics,mado18-39_1.png; mado18-39_2.png,2d/mado18-39_1.png; 2d/mado18-39_2.png,mado18-39.fbx,3d/mado18-39.fbx,mado18-39,combined,multiple source views (not composited),청자잔,Celadon Cup,Celadon cup,고려시대 / Goryeo period,태안 마도해역 / Waters off Taean–Mado,Measured object; height is a range,,,,,0.048,0.049,,0.086,0.041,,,,0.002,0.0045,,,,,,,0.0035,0.006,,,0.086,0.086,0.049,Source-reported dimensions,High,,2021년 태안 마도해역 시굴조사 보고서 / Waters off the Taean–Mado Underwater Excavation (2021),https://www.seamuse.go.kr/resources/academiccultural/info/2894,"p.126, record 087",GitHub project inventory and model metadata,https://github.com/KateHwang0929/shipwreck-sonar-ai/tree/main/3d%20modeling,,Consolidated asset; source views combined,m,
mado18-40,Ceramics,mado18-40_2.png,2d/mado18-40_2.png,mado18-40.fbx,3d/mado18-40.fbx,mado18-40,combined,multiple source views (not composited),청자상감국화여지문발,Celadon Bowl with Inlaid Chrysanthemum and Litchi Design,Inlaid celadon bowl,고려시대 / Goryeo period,태안 마도해역 / Waters off Taean–Mado,Measured object; height is a range,,,,,0.066,0.068,,0.202,0.062,,,,0.007,0.005,,,,,,,0.0035,0.012,,,0.202,0.202,0.068,Source-reported dimensions,High,,2021년 태안 마도해역 시굴조사 보고서 / Waters off the Taean–Mado Underwater Excavation (2021),https://www.seamuse.go.kr/resources/academiccultural/info/2894,"p.87, record 027",GitHub project inventory and model metadata,https://github.com/KateHwang0929/shipwreck-sonar-ai/tree/main/3d%20modeling,,Consolidated asset; source views combined,m,
mado18-69,Ceramics,mado18-69_1.png,2d/mado18-69_1.png,mado18-69.fbx,3d/mado18-69.fbx,mado18-69,combined,multiple source views (not composited),암키와편,Shard of Concave Roof Tile,Roof tile fragment,,태안 마도해역 / Waters off Taean–Mado,Remaining fragment measurements,0.285,0.285,0.115,0.115,,,,,,,,,,,,,,,,,0.013,0.015,,,0.285,0.115,0.015,Source-reported remaining dimensions,High,,2021년 태안 마도해역 시굴조사 보고서 / Waters off the Taean–Mado Underwater Excavation (2021),https://www.seamuse.go.kr/resources/academiccultural/info/2894,"p.178, record 160",GitHub project inventory and model metadata,https://github.com/KateHwang0929/shipwreck-sonar-ai/tree/main/3d%20modeling,,Consolidated asset; source views combined,m,
mado19-12,Ceramics,mado19-12_1.png,2d/mado19-12_1.png,mado19-12.fbx,3d/mado19-12.fbx,mado19-12,combined,multiple source views (not composited),청자잔,Celadon Cup,Celadon cup,고려시대 / Goryeo period,태안 마도해역 / Waters off Taean–Mado,Measured object; height is a range,,,,,0.049,0.051,,0.084,0.046,,,,0.003,0.006,,,,,,,0.0025,0.0045,,,0.084,0.084,0.051,Source-reported dimensions,High,,2021년 태안 마도해역 시굴조사 보고서 / Waters off the Taean–Mado Underwater Excavation (2021),https://www.seamuse.go.kr/resources/academiccultural/info/2894,"p.128, record 091",GitHub project inventory and model metadata,https://github.com/KateHwang0929/shipwreck-sonar-ai/tree/main/3d%20modeling,,Consolidated asset; source views combined,m,
mado19-29,Ceramics,mado19-29_2.png,2d/mado19-29_2.png,mado19-29.fbx,3d/mado19-29.fbx,mado19-29,combined,multiple source views (not composited),도기화로,Earthenware Brazier,Earthenware brazier,,태안 마도해역 / Waters off Taean–Mado,Measured object; height is a range,,,,,0.238,0.244,0.434,,,0.238,,,,,,,,,,,0.0065,0.013,,,0.434,0.434,0.244,Source-reported dimensions,High,,2021년 태안 마도해역 시굴조사 보고서 / Waters off the Taean–Mado Underwater Excavation (2021),https://www.seamuse.go.kr/resources/academiccultural/info/2894,"p.150, record 123",GitHub project inventory and model metadata,https://github.com/KateHwang0929/shipwreck-sonar-ai/tree/main/3d%20modeling,,Consolidated asset; source views combined,m,
mado19-31,Ceramics,mado19-31_2.png,2d/mado19-31_2.png,mado19-31.fbx,3d/mado19-31.fbx,mado19-31,combined,multiple source views (not composited),청자발편,Shard of Celadon Bowl,"Celadon bowl fragment, type II-2Aa",고려시대 / Goryeo period,태안 마도해역 / Waters off Taean–Mado,Measured height; restored rim and foot diameters,,,,,0.091,0.091,,0.166,0.069,,,,0.014,0.016,,,,,,,0.003,0.0065,,,0.166,0.166,0.091,Mixed measured and restored dimensions,High,,2021년 태안 마도해역 시굴조사 보고서 / Waters off the Taean–Mado Underwater Excavation (2021),https://www.seamuse.go.kr/resources/academiccultural/info/2894,"p.77, record 012",GitHub project inventory and model metadata,https://github.com/KateHwang0929/shipwreck-sonar-ai/tree/main/3d%20modeling,,Consolidated asset; source views combined,m,
mado19-7,Ceramics,mado19-7_3.png,2d/mado19-7_3.png,mado19-7.fbx,3d/mado19-7.fbx,mado19-7,combined,multiple source views (not composited),청자발편,Shard of Celadon Bowl,"Celadon bowl fragment, type II-1Aa",고려시대 / Goryeo period,태안 마도해역 / Waters off Taean–Mado,Measured height; restored rim and foot diameters,,,,,0.062,0.062,,0.168,0.066,,,,0.004,0.0095,,,,,,,0.003,0.009,,,0.168,0.168,0.062,Mixed measured and restored dimensions,High,,2021년 태안 마도해역 시굴조사 보고서 / Waters off the Taean–Mado Underwater Excavation (2021),https://www.seamuse.go.kr/resources/academiccultural/info/2894,"p.75, record 008",GitHub project inventory and model metadata,https://github.com/KateHwang0929/shipwreck-sonar-ai/tree/main/3d%20modeling,,Consolidated asset; source views combined,m,
mado18-120,Metal,mado18-120_1.png; mado18-120_2.png; mado18-120_3.png,2d/mado18-120_1.png; 2d/mado18-120_2.png; 2d/mado18-120_3.png,mado18-120.fbx,3d/mado18-120.fbx,mado18-120,combined,multiple source views (not composited),청동제뚜껑,Bronze Lid,Bronze lid,,태안 마도해역 / Waters off Taean–Mado,Measured body and handle separately,,,,,0.029,0.03,0.166,,,,,,,,0.08,0.114,,,,,0.0005,0.01,,,0.166,0.166,0.11,Source-reported dimensions; total height combines body and handle,High,,2021년 태안 마도해역 시굴조사 보고서 / Waters off the Taean–Mado Underwater Excavation (2021),https://www.seamuse.go.kr/resources/academiccultural/info/2894,"p.208, record 199",GitHub project inventory and model metadata,https://github.com/KateHwang0929/shipwreck-sonar-ai/tree/main/3d%20modeling,,Consolidated asset; source views combined,m,
mado18-36,Metal,mado18-36_1.png; mado18-36_2.png,2d/mado18-36_1.png; 2d/mado18-36_2.png,mado18-36.fbx,3d/mado18-36.fbx,mado18-36,combined,multiple source views (not composited),원풍통보,Yuanfeng Tongbao Coin,Copper-alloy coin,"북송 원풍 연간, 1078–1085 / Northern Song",태안 마도해역 / Waters off Taean–Mado,Measured coin,,,,,,,0.025,,,,,0.006,,,,,,,,,0.0009,0.0012,,,0.025,0.025,0.0012,Source-reported dimensions,High,,2021년 태안 마도해역 시굴조사 보고서 / Waters off the Taean–Mado Underwater Excavation (2021),https://www.seamuse.go.kr/resources/academiccultural/info/2894,"p.210, record 206",GitHub project inventory and model metadata,https://github.com/KateHwang0929/shipwreck-sonar-ai/tree/main/3d%20modeling,Opening_Diameter_m stores the reported square-hole width.,Consolidated asset; source views combined,m,
mado18-44,Metal,mado18-44_1.png; mado18-44_2.png,2d/mado18-44_1.png; 2d/mado18-44_2.png,mado18-44.fbx,3d/mado18-44.fbx,mado18-44,combined,multiple source views (not composited),청동숟가락,Bronze Spoon,Bronze spoon,,태안 마도해역 / Waters off Taean–Mado,Measured object and components,0.203,0.203,,,,,,,,,,,,,,,0.066,0.034,0.0055,0.011,0.001,0.004,,,0.203,0.034,0.004,Source-reported dimensions,High,,2021년 태안 마도해역 시굴조사 보고서 / Waters off the Taean–Mado Underwater Excavation (2021),https://www.seamuse.go.kr/resources/academiccultural/info/2894,"p.209, record 201",GitHub project inventory and model metadata,https://github.com/KateHwang0929/shipwreck-sonar-ai/tree/main/3d%20modeling,,Consolidated asset; source views combined,m,
mado19-20,Metal,mado19-20_1.png; mado19-20_2.png,2d/mado19-20_1.png; 2d/mado19-20_2.png,mado19-20.fbx,3d/mado19-20.fbx,mado19-20,combined,multiple source views (not composited),철제솥뚜껑,Iron Pot Lid,Iron pot lid,,태안 마도해역 / Waters off Taean–Mado,Measured body and handle separately,,,,,0.053,0.053,0.159,,,,,,,,0.023,,,,,,0.004,0.009,,,0.159,0.159,0.076,Source-reported dimensions; total height combines body and handle,High,,2021년 태안 마도해역 시굴조사 보고서 / Waters off the Taean–Mado Underwater Excavation (2021),https://www.seamuse.go.kr/resources/academiccultural/info/2894,"p.208, record 198",GitHub project inventory and model metadata,https://github.com/KateHwang0929/shipwreck-sonar-ai/tree/main/3d%20modeling,,Consolidated asset; source views combined,m,
mado19-43,Metal,mado19-43_1.png; mado19-43_2.png; mado19-43_3.png,2d/mado19-43_1.png; 2d/mado19-43_2.png; 2d/mado19-43_3.png,mado19-43.fbx,3d/mado19-43.fbx,mado19-43,combined,multiple source views (not composited),동제담뱃대,Copper Tobacco Pipe,Copper tobacco pipe,,태안 마도해역 / Waters off Taean–Mado,Source length and openings; envelope height estimated,0.119,0.119,,,0.025,0.035,,,,,,0.016,,,,,0.008,0.008,,,,,,,0.119,0.016,0.035,Mixed source dimensions and approximate envelope height,Medium,Height estimated from the pipe-bowl opening and preview proportions; the report does not state total height.,2021년 태안 마도해역 시굴조사 보고서 / Waters off the Taean–Mado Underwater Excavation (2021),https://www.seamuse.go.kr/resources/academiccultural/info/2894,"p.207, record 207",GitHub project inventory and model metadata,https://github.com/KateHwang0929/shipwreck-sonar-ai/tree/main/3d%20modeling,,Consolidated asset; source views combined,m,
mado18-160,Wooden,mado18-160_1.png; mado18-160_2.png; mado18-160_3.png,2d/mado18-160_1.png; 2d/mado18-160_2.png; 2d/mado18-160_3.png,mado18-160.fbx,3d/mado18-160.fbx,mado18-160,combined,multiple source views (not composited),추정말뚝편,Fragment of a Probable Wooden Stake,Wooden stake fragment,,태안 마도해역 / Waters off Taean–Mado,Remaining fragment measurements,0.326,0.326,0.05,0.083,,,,,,,,,,,,,,,,,0.025,0.071,,,0.326,0.083,0.071,Source-reported remaining dimensions,High,,2021년 태안 마도해역 시굴조사 보고서 / Waters off the Taean–Mado Underwater Excavation (2021),https://www.seamuse.go.kr/resources/academiccultural/info/2894,"p.217, record 217",GitHub project inventory and model metadata,https://github.com/KateHwang0929/shipwreck-sonar-ai/tree/main/3d%20modeling,,Consolidated asset; source views combined,m,
mado18-24,Wooden,mado18-24_1.png; mado18-24_2.png,2d/mado18-24_1.png; 2d/mado18-24_2.png,mado18-24.fbx,3d/mado18-24.fbx,mado18-24,combined,multiple source views (not composited),용도미상 목제품,Unidentified Wooden Object,Wooden object,,태안 마도해역 / Waters off Taean–Mado,Remaining fragment measurements,0.095,0.095,0.153,0.153,,,,,,,,,,,,,,,,,0.003,0.009,,,0.095,0.153,0.009,Source-reported remaining dimensions,High,,2021년 태안 마도해역 시굴조사 보고서 / Waters off the Taean–Mado Underwater Excavation (2021),https://www.seamuse.go.kr/resources/academiccultural/info/2894,"p.216, record 216",GitHub project inventory and model metadata,https://github.com/KateHwang0929/shipwreck-sonar-ai/tree/main/3d%20modeling,,Consolidated asset; source views combined,m,
modern_ship_064,Modern Ship,Dongsheng.jpg,3d modeling/shipwreck/preview_images/Dongsheng.jpg,Dongsheng.fbx,3d modeling/shipwreck/original_models/Dongsheng.fbx,dongsheng,1,single project model,둥성호(파일명 음역),Dongsheng,Unverified modern shipwreck,,,"Reported, derived, or approximate dimensions as labeled",60.0,85.0,11.0,15.0,6.0,10.0,,,,,,,,,,,,,,,,,,,85.0,15.0,10.0,Approximate; authoritative vessel match not found,Low,Broad envelope based on a medium general-cargo or fishing-vessel model class.,GitHub preview/model filename,https://github.com/KateHwang0929/shipwreck-sonar-ai/tree/main/3d%20modeling,Dongsheng,GitHub project inventory and model metadata,https://github.com/KateHwang0929/shipwreck-sonar-ai/tree/main/3d%20modeling,"Korean name is a phonetic rendering of the filename, not a verified registered vessel name.",Matched to current repository model filename,m,
archaeological_ship_072,Archaeological Ship,mado_1_ship_reconstructed.png,3d modeling/shipwreck/preview_images/mado_1_ship_reconstructed.png,mado_1_ship_reconstructed.fbx,3d modeling/shipwreck/original_models/mado_1_ship_reconstructed.fbx,mado1,1,full reconstruction,마도1호선,Mado No. 1 Shipwreck,Archaeological shipwreck,고려 13세기 초 / Early 13th-century Goryeo,"충청남도 태안군 마도 해역 / Mado waters, Taean",Reported dimensions,15.5,15.5,6.5,6.5,3.2,3.2,,,,,,,,,,,,,,,,,,,15.5,6.5,3.2,Reconstruction dimensions,Medium-High,,National Research Institute of Maritime Heritage: Mado No. 1,https://www.seamuse.go.kr/research/shipwreck_research/info/90,research record 90,GitHub project inventory and model metadata,https://github.com/KateHwang0929/shipwreck-sonar-ai/tree/main/3d%20modeling,Full reconstruction reference dimensions.,Matched to current repository model filename,m,
archaeological_ship_073,Archaeological Ship,mado_1_ship_remaining_hull.jpg,3d modeling/shipwreck/preview_images/mado_1_ship_remaining_hull.jpg,mado_1_ship_remaining_hull.fbx,3d modeling/shipwreck/original_models/mado_1_ship_remaining_hull.fbx,mado1,2,remaining hull,마도1호선,Mado No. 1 Shipwreck,Archaeological shipwreck,고려 13세기 초 / Early 13th-century Goryeo,"충청남도 태안군 마도 해역 / Mado waters, Taean","Reported, derived, or approximate dimensions as labeled",10.8,10.8,3.7,3.7,1.82,1.82,,,,,,,,,,,,,,,,,,,10.8,3.7,1.82,Mixed reported and derived dimensions,Medium,"Height = 3.2 × 3.7 ÷ 6.5, using the reconstruction's height-to-width ratio.",National Research Institute of Maritime Heritage: Mado No. 1,https://www.seamuse.go.kr/research/shipwreck_research/info/90,research record 90,GitHub project inventory and model metadata,https://github.com/KateHwang0929/shipwreck-sonar-ai/tree/main/3d%20modeling,Length and width are reported; height is a proportional estimate.,Matched to current repository model filename,m,
archaeological_ship_074,Archaeological Ship,sibidongpado_ship_reconstructed.png,3d modeling/shipwreck/preview_images/sibidongpado_ship_reconstructed.png,sibidongpado_ship_reconstructed.fbx,3d modeling/shipwreck/original_models/sibidongpado_ship_reconstructed.fbx,sibidongpado,1,full reconstruction,십이동파도선,Sibidongpado Shipwreck,Archaeological shipwreck,고려 12세기 / 12th-century Goryeo,"전북 군산시 십이동파도 해역 / Sibidongpado waters, Gunsan","Reported, derived, or approximate dimensions as labeled",14.5,14.5,5.21,5.21,2.08,2.08,,,,,,,,,,,,,,,,,,,14.5,5.21,2.08,Estimated reconstruction dimensions,Medium,,National Research Institute of Maritime Heritage: Sibidongpado Shipwreck,https://www.seamuse.go.kr/research/shipwreck_research/info/91,research record 91,GitHub project inventory and model metadata,https://github.com/KateHwang0929/shipwreck-sonar-ai/tree/main/3d%20modeling,The source describes 2.08 m as hull depth.,Matched to current repository model filename,m,
archaeological_ship_075,Archaeological Ship,sibidongpado_ship_remaining_hull.jpg,3d modeling/shipwreck/preview_images/sibidongpado_ship_remaining_hull.jpg,sibidongpado_ship_remaining_hull.fbx,3d modeling/shipwreck/original_models/sibidongpado_ship_remaining_hull.fbx,sibidongpado,2,remaining hull,십이동파도선,Sibidongpado Shipwreck,Archaeological shipwreck,고려 12세기 / 12th-century Goryeo,"전북 군산시 십이동파도 해역 / Sibidongpado waters, Gunsan","Reported, derived, or approximate dimensions as labeled",7.0,7.0,2.7,2.7,1.08,1.08,,,,,,,,,,,,,,,,,,,7.0,2.7,1.08,Mixed reported and derived dimensions,Medium,"Height = 2.08 × 2.7 ÷ 5.21, using the reconstruction's depth-to-width ratio.",National Research Institute of Maritime Heritage: Sibidongpado Shipwreck,https://www.seamuse.go.kr/research/shipwreck_research/info/91,research record 91,GitHub project inventory and model metadata,https://github.com/KateHwang0929/shipwreck-sonar-ai/tree/main/3d%20modeling,Length and width are reported; height is a proportional estimate.,Matched to current repository model filename,m,
historical_ship_076,Historical Ship,turtleship1.png,3d modeling/shipwreck/preview_images/turtleship1.png,turtleship1.fbx,3d modeling/shipwreck/original_models/turtleship1.fbx,turtleship,1,visual reconstruction variant 1,거북선,Turtle Ship,Historical reconstruction/reference,조선시대 / Joseon period,,"Reported, derived, or approximate dimensions as labeled",34.2,34.2,10.3,10.3,6.4,6.4,,,,,,,,,,,,,,,,,,,34.2,10.3,6.4,Approximate reconstruction dimensions,Medium,Historical cheok-based restoration dimensions converted to meters and rounded for simulation scale.,Korean History Archive / e-History: Turtle Ship reference,https://www.ehistory.go.kr/view/movie?mediadtl=21490&mediaid=10257&mediasrcgbn=KV,113 cheok × 34 cheok × 21 cheok restoration reference,GitHub project inventory and model metadata,https://github.com/KateHwang0929/shipwreck-sonar-ai/tree/main/3d%20modeling,"Historical reference model, not an excavated shipwreck.",Matched to current repository model filename,m,
historical_ship_077,Historical Ship,turtleship2.png,3d modeling/shipwreck/preview_images/turtleship2.png,turtleship2.fbx,3d modeling/shipwreck/original_models/turtleship2.fbx,turtleship,2,visual reconstruction variant 2,거북선,Turtle Ship,Historical reconstruction/reference,조선시대 / Joseon period,,"Reported, derived, or approximate dimensions as labeled",34.2,34.2,10.3,10.3,6.4,6.4,,,,,,,,,,,,,,,,,,,34.2,10.3,6.4,Approximate reconstruction dimensions,Medium,Historical cheok-based restoration dimensions converted to meters and rounded for simulation scale.,Korean History Archive / e-History: Turtle Ship reference,https://www.ehistory.go.kr/view/movie?mediadtl=21490&mediaid=10257&mediasrcgbn=KV,113 cheok × 34 cheok × 21 cheok restoration reference,GitHub project inventory and model metadata,https://github.com/KateHwang0929/shipwreck-sonar-ai/tree/main/3d%20modeling,"Historical reference model, not an excavated shipwreck.",Matched to current repository model filename,m,
historical_ship_078,Historical Ship,turtleship3.png,3d modeling/shipwreck/preview_images/turtleship3.png,turtleship3.fbx,3d modeling/shipwreck/original_models/turtleship3.fbx,turtleship,3,visual reconstruction variant 3,거북선,Turtle Ship,Historical reconstruction/reference,조선시대 / Joseon period,,"Reported, derived, or approximate dimensions as labeled",34.2,34.2,10.3,10.3,6.4,6.4,,,,,,,,,,,,,,,,,,,34.2,10.3,6.4,Approximate reconstruction dimensions,Medium,Historical cheok-based restoration dimensions converted to meters and rounded for simulation scale.,Korean History Archive / e-History: Turtle Ship reference,https://www.ehistory.go.kr/view/movie?mediadtl=21490&mediaid=10257&mediasrcgbn=KV,113 cheok × 34 cheok × 21 cheok restoration reference,GitHub project inventory and model metadata,https://github.com/KateHwang0929/shipwreck-sonar-ai/tree/main/3d%20modeling,"Historical reference model, not an excavated shipwreck.",Matched to current repository model filename,m,
historical_ship_079,Historical Ship,turtleship4.png,3d modeling/shipwreck/preview_images/turtleship4.png,turtleship4.fbx,3d modeling/shipwreck/original_models/turtleship4.fbx,turtleship,4,visual reconstruction variant 4,거북선,Turtle Ship,Historical reconstruction/reference,조선시대 / Joseon period,,"Reported, derived, or approximate dimensions as labeled",34.2,34.2,10.3,10.3,6.4,6.4,,,,,,,,,,,,,,,,,,,34.2,10.3,6.4,Approximate reconstruction dimensions,Medium,Historical cheok-based restoration dimensions converted to meters and rounded for simulation scale.,Korean History Archive / e-History: Turtle Ship reference,https://www.ehistory.go.kr/view/movie?mediadtl=21490&mediaid=10257&mediasrcgbn=KV,113 cheok × 34 cheok × 21 cheok restoration reference,GitHub project inventory and model metadata,https://github.com/KateHwang0929/shipwreck-sonar-ai/tree/main/3d%20modeling,"Historical reference model, not an excavated shipwreck.",Matched to current repository model filename,m,
debris_080,Anthropogenic Debris,Anchor.png,2d/Anchor.png,Anchor.fbx,3d/Anchor.fbx,Anchor,1,Sketchfab asset / simulation-scaled,선박용 앵커,Marine Anchor,Steel/iron marine anchor,Modern/generic simulation asset,서해형 해저 시뮬레이션 환경 / West Sea-style seabed simulation (not site-specific),Plausible real-world scale envelope for simulation,0.8,3.0,0.5,2.0,0.2,0.8,,,,,,,,,,,,,,,,,,,1.8,1.15,0.45,Approximate simulation scaling; not source-reported,Medium,Scaled as a medium vessel anchor suitable for seabed-clutter simulation.,Sketchfab,https://sketchfab.com/,Exact Sketchfab asset page not provided,,,"Sketchfab asset source as specified by user; exact asset-page URL was not provided. Dimensions are simulation-scale estimates based on plausible real-world object size, not measurements of the downloaded mesh and not evidence that the object originated in the Korean West Sea. Highly plausible anthropogenic seabed clutter near fishing and vessel routes.",Preview filename provided; corresponding 3D model filename/path not supplied,m,auto-linked by preview basename -> verified file on disk (2026-08-09)
biological_081,Biological Clutter,coral_reef1.png,2d/coral_reef1.png,coral_reef1.fbx,3d/coral_reef1.fbx,coral_reef1,1,Sketchfab asset / simulation-scaled,산호 군락,Coral Colony / Reef Patch 1,Coral-like biological colony,Modern/generic simulation asset,서해형 해저 시뮬레이션 환경 / West Sea-style seabed simulation (not site-specific),Plausible real-world scale envelope for simulation,1.0,3.0,0.8,2.5,0.3,1.2,,,,,,,,,,,,,,,,,,,1.8,1.4,0.65,Approximate simulation scaling; not source-reported,Low-Medium,Scaled as a compact benthic colony rather than a tropical reef formation.,Sketchfab,https://sketchfab.com/,Exact Sketchfab asset page not provided,,,"Sketchfab asset source as specified by user; exact asset-page URL was not provided. Dimensions are simulation-scale estimates based on plausible real-world object size, not measurements of the downloaded mesh and not evidence that the object originated in the Korean West Sea. Use sparingly for West Sea scenes; coral-like colonies are not representative of the dominant muddy/sandy seabed.",Preview filename provided; corresponding 3D model filename/path not supplied,m,auto-linked by preview basename -> verified file on disk (2026-08-09)
biological_082,Biological Clutter,coral_reef2.png,2d/coral_reef2.png,coral_reef2.fbx,3d/coral_reef2.fbx,coral_reef2,1,Sketchfab asset / simulation-scaled,산호 군락,Coral Colony / Reef Patch 2,Coral-like biological colony,Modern/generic simulation asset,서해형 해저 시뮬레이션 환경 / West Sea-style seabed simulation (not site-specific),Plausible real-world scale envelope for simulation,1.5,4.0,1.2,3.0,0.5,1.5,,,,,,,,,,,,,,,,,,,2.6,2.0,0.9,Approximate simulation scaling; not source-reported,Low-Medium,Scaled as a larger isolated benthic colony/reef-like patch.,Sketchfab,https://sketchfab.com/,Exact Sketchfab asset page not provided,,,"Sketchfab asset source as specified by user; exact asset-page URL was not provided. Dimensions are simulation-scale estimates based on plausible real-world object size, not measurements of the downloaded mesh and not evidence that the object originated in the Korean West Sea. Use sparingly for West Sea scenes; intended as generic biological clutter, not a site-specific West Sea specimen.",Preview filename provided; corresponding 3D model filename/path not supplied,m,auto-linked by preview basename -> verified file on disk (2026-08-09)
biological_083,Biological Clutter,coral.png,2d/coral.png,coral.fbx,3d/coral.fbx,coral,1,Sketchfab asset / simulation-scaled,산호 군체,Coral Colony 1,Coral-like biological colony,Modern/generic simulation asset,서해형 해저 시뮬레이션 환경 / West Sea-style seabed simulation (not site-specific),Plausible real-world scale envelope for simulation,0.2,0.8,0.2,0.7,0.15,0.6,,,,,,,,,,,,,,,,,,,0.45,0.38,0.32,Approximate simulation scaling; not source-reported,Low-Medium,Scaled as a small isolated coral-like colony.,Sketchfab,https://sketchfab.com/,Exact Sketchfab asset page not provided,,,"Sketchfab asset source as specified by user; exact asset-page URL was not provided. Dimensions are simulation-scale estimates based on plausible real-world object size, not measurements of the downloaded mesh and not evidence that the object originated in the Korean West Sea. Generic biological clutter; not asserted to originate from the Korean West Sea.",Preview filename provided; corresponding 3D model filename/path not supplied,m,auto-linked by preview basename -> verified file on disk (2026-08-09)
biological_084,Biological Clutter,coral2.png,2d/coral2.png,coral2.fbx,3d/coral2.fbx,coral2,1,Sketchfab asset / simulation-scaled,산호 군체,Coral Colony 2,Coral-like biological colony,Modern/generic simulation asset,서해형 해저 시뮬레이션 환경 / West Sea-style seabed simulation (not site-specific),Plausible real-world scale envelope for simulation,0.3,1.1,0.25,0.9,0.2,0.8,,,,,,,,,,,,,,,,,,,0.7,0.55,0.45,Approximate simulation scaling; not source-reported,Low-Medium,Scaled as a medium isolated coral-like colony.,Sketchfab,https://sketchfab.com/,Exact Sketchfab asset page not provided,,,"Sketchfab asset source as specified by user; exact asset-page URL was not provided. Dimensions are simulation-scale estimates based on plausible real-world object size, not measurements of the downloaded mesh and not evidence that the object originated in the Korean West Sea. Generic biological clutter; not asserted to originate from the Korean West Sea.",Preview filename provided; corresponding 3D model filename/path not supplied,m,auto-linked by preview basename -> verified file on disk (2026-08-09)
biological_085,Biological Clutter,coral3.png,2d/coral3.png,coral3.fbx,3d/coral3.fbx,coral3,1,Sketchfab asset / simulation-scaled,산호 군체,Coral Colony 3,Coral-like biological colony,Modern/generic simulation asset,서해형 해저 시뮬레이션 환경 / West Sea-style seabed simulation (not site-specific),Plausible real-world scale envelope for simulation,0.4,1.5,0.35,1.1,0.25,1.0,,,,,,,,,,,,,,,,,,,1.0,0.75,0.6,Approximate simulation scaling; not source-reported,Low-Medium,Scaled as a larger isolated coral-like colony.,Sketchfab,https://sketchfab.com/,Exact Sketchfab asset page not provided,,,"Sketchfab asset source as specified by user; exact asset-page URL was not provided. Dimensions are simulation-scale estimates based on plausible real-world object size, not measurements of the downloaded mesh and not evidence that the object originated in the Korean West Sea. Generic biological clutter; not asserted to originate from the Korean West Sea.",Preview filename provided; corresponding 3D model filename/path not supplied,m,auto-linked by preview basename -> verified file on disk (2026-08-09)
biological_086,Biological Clutter,Dead_coral1.png,2d/Dead_coral1.png,Dead_coral1.fbx,3d/Dead_coral1.fbx,Dead_coral1,1,Sketchfab asset / simulation-scaled,죽은 산호 골격,Dead Coral Skeleton,Dead coral-like skeleton,Modern/generic simulation asset,서해형 해저 시뮬레이션 환경 / West Sea-style seabed simulation (not site-specific),Plausible real-world scale envelope for simulation,0.3,1.3,0.25,1.0,0.15,0.6,,,,,,,,,,,,,,,,,,,0.9,0.65,0.35,Approximate simulation scaling; not source-reported,Low-Medium,Scaled as a broken or dead coral-like skeleton lying on the seabed.,Sketchfab,https://sketchfab.com/,Exact Sketchfab asset page not provided,,,"Sketchfab asset source as specified by user; exact asset-page URL was not provided. Dimensions are simulation-scale estimates based on plausible real-world object size, not measurements of the downloaded mesh and not evidence that the object originated in the Korean West Sea. Generic biological clutter; use only where ecologically appropriate.",Preview filename provided; corresponding 3D model filename/path not supplied,m,auto-linked by preview basename -> verified file on disk (2026-08-09)
fishing_gear_087,Fishing Gear,fishing-net.png,2d/fishing-net.png,fishing-net.fbx,3d/fishing-net.fbx,fishing-net,1,Sketchfab asset / simulation-scaled,폐어망,Discarded Fishing Net 1,Synthetic-fiber fishing net / ghost gear,Modern/generic simulation asset,서해형 해저 시뮬레이션 환경 / West Sea-style seabed simulation (not site-specific),Plausible real-world scale envelope for simulation,2.0,8.0,1.5,6.0,0.1,0.7,,,,,,,,,,,,,,,,,,,4.0,3.0,0.35,Approximate simulation scaling; not source-reported,Medium,Scaled as a compact tangled net pile or snag footprint; deployed nets can be much longer.,Sketchfab,https://sketchfab.com/,Exact Sketchfab asset page not provided,,,"Sketchfab asset source as specified by user; exact asset-page URL was not provided. Dimensions are simulation-scale estimates based on plausible real-world object size, not measurements of the downloaded mesh and not evidence that the object originated in the Korean West Sea. Plausible West Sea anthropogenic clutter. Overall height represents a seabed pile, not net-mesh thickness.",Preview filename provided; corresponding 3D model filename/path not supplied,m,auto-linked by preview basename -> verified file on disk (2026-08-09)
fishing_gear_088,Fishing Gear,fishing-net2.png,2d/fishing-net2.png,fishing-net2.fbx,3d/fishing-net2.fbx,fishing-net2,1,Sketchfab asset / simulation-scaled,폐어망,Discarded Fishing Net 2,Synthetic-fiber fishing net / ghost gear,Modern/generic simulation asset,서해형 해저 시뮬레이션 환경 / West Sea-style seabed simulation (not site-specific),Plausible real-world scale envelope for simulation,4.0,20.0,2.0,10.0,0.1,0.8,,,,,,,,,,,,,,,,,,,8.0,5.0,0.45,Approximate simulation scaling; not source-reported,Medium,Scaled as a larger tangled or partially spread ghost-net footprint; real fishing nets may extend tens of meters.,Sketchfab,https://sketchfab.com/,Exact Sketchfab asset page not provided,,,"Sketchfab asset source as specified by user; exact asset-page URL was not provided. Dimensions are simulation-scale estimates based on plausible real-world object size, not measurements of the downloaded mesh and not evidence that the object originated in the Korean West Sea. Plausible West Sea anthropogenic clutter. Overall height represents a seabed pile, not net-mesh thickness.",Preview filename provided; corresponding 3D model filename/path not supplied,m,auto-linked by preview basename -> verified file on disk (2026-08-09)
fishing_gear_089,Fishing Gear,hook_chain.png,2d/hook_chain.png,hook_chain.fbx,3d/hook_chain.fbx,hook_chain,1,Sketchfab asset / simulation-scaled,체인 및 후크,Hook and Chain,Steel chain and hook / marine gear,Modern/generic simulation asset,서해형 해저 시뮬레이션 환경 / West Sea-style seabed simulation (not site-specific),Plausible real-world scale envelope for simulation,1.5,5.0,0.2,0.7,0.1,0.35,,,,,,,,,,,3.0,0.45,,,,,,,3.0,0.45,0.22,Approximate simulation scaling; not source-reported,Medium,Scaled as heavy discarded fishing or mooring hardware with several meters of chain.,Sketchfab,https://sketchfab.com/,Exact Sketchfab asset page not provided,,,"Sketchfab asset source as specified by user; exact asset-page URL was not provided. Dimensions are simulation-scale estimates based on plausible real-world object size, not measurements of the downloaded mesh and not evidence that the object originated in the Korean West Sea. Plausible anthropogenic clutter around fishing grounds, ports, anchorages, and vessel routes.",Preview filename provided; corresponding 3D model filename/path not supplied,m,auto-linked by preview basename -> verified file on disk (2026-08-09)
geological_090,Geological Clutter,Rock1.png,2d/Rock1.png,Rock1.fbx,3d/Rock1.fbx,Rock1,1,Sketchfab asset / simulation-scaled,해저 암석,Seabed Rock 1,Natural rock/boulder,Modern/generic simulation asset,서해형 해저 시뮬레이션 환경 / West Sea-style seabed simulation (not site-specific),Plausible real-world scale envelope for simulation,0.25,0.45,0.2,0.38,0.12,0.25,,,,,,,,,,,,,,,,,,,0.35,0.28,0.18,Approximate simulation scaling; not source-reported,Medium-High,Scaled as a small isolated boulder/cobble-scale sonar target.,Sketchfab,https://sketchfab.com/,Exact Sketchfab asset page not provided,,,"Sketchfab asset source as specified by user; exact asset-page URL was not provided. Dimensions are simulation-scale estimates based on plausible real-world object size, not measurements of the downloaded mesh and not evidence that the object originated in the Korean West Sea. West Sea seabed is often mud/sand; use rock assets mainly in rocky or mixed-substrate patches.",Preview filename provided; corresponding 3D model filename/path not supplied,m,auto-linked by preview basename -> verified file on disk (2026-08-09)
geological_091,Geological Clutter,Rock2.png,2d/Rock2.png,Rock2.fbx,3d/Rock2.fbx,Rock2,1,Sketchfab asset / simulation-scaled,해저 암석,Seabed Rock 2,Natural rock/boulder,Modern/generic simulation asset,서해형 해저 시뮬레이션 환경 / West Sea-style seabed simulation (not site-specific),Plausible real-world scale envelope for simulation,0.35,0.65,0.28,0.55,0.18,0.35,,,,,,,,,,,,,,,,,,,0.5,0.42,0.25,Approximate simulation scaling; not source-reported,Medium-High,Scaled as a small boulder.,Sketchfab,https://sketchfab.com/,Exact Sketchfab asset page not provided,,,"Sketchfab asset source as specified by user; exact asset-page URL was not provided. Dimensions are simulation-scale estimates based on plausible real-world object size, not measurements of the downloaded mesh and not evidence that the object originated in the Korean West Sea. West Sea seabed is often mud/sand; use rock assets mainly in rocky or mixed-substrate patches.",Preview filename provided; corresponding 3D model filename/path not supplied,m,auto-linked by preview basename -> verified file on disk (2026-08-09)
geological_092,Geological Clutter,Rock3.png,2d/Rock3.png,Rock3.fbx,3d/Rock3.fbx,Rock3,1,Sketchfab asset / simulation-scaled,해저 암석,Seabed Rock 3,Natural rock/boulder,Modern/generic simulation asset,서해형 해저 시뮬레이션 환경 / West Sea-style seabed simulation (not site-specific),Plausible real-world scale envelope for simulation,0.5,0.9,0.4,0.75,0.25,0.5,,,,,,,,,,,,,,,,,,,0.7,0.55,0.35,Approximate simulation scaling; not source-reported,Medium-High,Scaled as a medium boulder.,Sketchfab,https://sketchfab.com/,Exact Sketchfab asset page not provided,,,"Sketchfab asset source as specified by user; exact asset-page URL was not provided. Dimensions are simulation-scale estimates based on plausible real-world object size, not measurements of the downloaded mesh and not evidence that the object originated in the Korean West Sea. West Sea seabed is often mud/sand; use rock assets mainly in rocky or mixed-substrate patches.",Preview filename provided; corresponding 3D model filename/path not supplied,m,auto-linked by preview basename -> verified file on disk (2026-08-09)
geological_093,Geological Clutter,Rock4.png,2d/Rock4.png,Rock4.fbx,3d/Rock4.fbx,Rock4,1,Sketchfab asset / simulation-scaled,해저 암석,Seabed Rock 4,Natural rock/boulder,Modern/generic simulation asset,서해형 해저 시뮬레이션 환경 / West Sea-style seabed simulation (not site-specific),Plausible real-world scale envelope for simulation,0.65,1.2,0.5,0.95,0.3,0.65,,,,,,,,,,,,,,,,,,,0.9,0.7,0.45,Approximate simulation scaling; not source-reported,Medium-High,Scaled as a medium boulder.,Sketchfab,https://sketchfab.com/,Exact Sketchfab asset page not provided,,,"Sketchfab asset source as specified by user; exact asset-page URL was not provided. Dimensions are simulation-scale estimates based on plausible real-world object size, not measurements of the downloaded mesh and not evidence that the object originated in the Korean West Sea. West Sea seabed is often mud/sand; use rock assets mainly in rocky or mixed-substrate patches.",Preview filename provided; corresponding 3D model filename/path not supplied,m,auto-linked by preview basename -> verified file on disk (2026-08-09)
geological_094,Geological Clutter,Rock5.png,2d/Rock5.png,Rock5.fbx,3d/Rock5.fbx,Rock5,1,Sketchfab asset / simulation-scaled,해저 암석,Seabed Rock 5,Natural rock/boulder,Modern/generic simulation asset,서해형 해저 시뮬레이션 환경 / West Sea-style seabed simulation (not site-specific),Plausible real-world scale envelope for simulation,0.85,1.6,0.65,1.2,0.4,0.8,,,,,,,,,,,,,,,,,,,1.2,0.9,0.55,Approximate simulation scaling; not source-reported,Medium-High,Scaled as a large boulder.,Sketchfab,https://sketchfab.com/,Exact Sketchfab asset page not provided,,,"Sketchfab asset source as specified by user; exact asset-page URL was not provided. Dimensions are simulation-scale estimates based on plausible real-world object size, not measurements of the downloaded mesh and not evidence that the object originated in the Korean West Sea. West Sea seabed is often mud/sand; use rock assets mainly in rocky or mixed-substrate patches.",Preview filename provided; corresponding 3D model filename/path not supplied,m,auto-linked by preview basename -> verified file on disk (2026-08-09)
geological_095,Geological Clutter,Rock6.png,2d/Rock6.png,Rock6.fbx,3d/Rock6.fbx,Rock6,1,Sketchfab asset / simulation-scaled,해저 암석,Seabed Rock 6,Natural rock/boulder,Modern/generic simulation asset,서해형 해저 시뮬레이션 환경 / West Sea-style seabed simulation (not site-specific),Plausible real-world scale envelope for simulation,1.1,2.1,0.85,1.6,0.5,1.0,,,,,,,,,,,,,,,,,,,1.6,1.2,0.75,Approximate simulation scaling; not source-reported,Medium-High,Scaled as a large isolated boulder.,Sketchfab,https://sketchfab.com/,Exact Sketchfab asset page not provided,,,"Sketchfab asset source as specified by user; exact asset-page URL was not provided. Dimensions are simulation-scale estimates based on plausible real-world object size, not measurements of the downloaded mesh and not evidence that the object originated in the Korean West Sea. West Sea seabed is often mud/sand; use rock assets mainly in rocky or mixed-substrate patches.",Preview filename provided; corresponding 3D model filename/path not supplied,m,auto-linked by preview basename -> verified file on disk (2026-08-09)
geological_096,Geological Clutter,Rock7.png,2d/Rock7.png,Rock7.fbx,3d/Rock7.fbx,Rock7,1,Sketchfab asset / simulation-scaled,해저 암석,Seabed Rock 7,Natural rock/boulder,Modern/generic simulation asset,서해형 해저 시뮬레이션 환경 / West Sea-style seabed simulation (not site-specific),Plausible real-world scale envelope for simulation,1.5,2.8,1.1,2.1,0.65,1.3,,,,,,,,,,,,,,,,,,,2.1,1.55,0.95,Approximate simulation scaling; not source-reported,Medium-High,Scaled as a very large boulder.,Sketchfab,https://sketchfab.com/,Exact Sketchfab asset page not provided,,,"Sketchfab asset source as specified by user; exact asset-page URL was not provided. Dimensions are simulation-scale estimates based on plausible real-world object size, not measurements of the downloaded mesh and not evidence that the object originated in the Korean West Sea. West Sea seabed is often mud/sand; use rock assets mainly in rocky or mixed-substrate patches.",Preview filename provided; corresponding 3D model filename/path not supplied,m,auto-linked by preview basename -> verified file on disk (2026-08-09)
geological_097,Geological Clutter,Rock8.png,2d/Rock8.png,Rock8.fbx,3d/Rock8.fbx,Rock8,1,Sketchfab asset / simulation-scaled,해저 암석,Seabed Rock 8,Natural rock/boulder,Modern/generic simulation asset,서해형 해저 시뮬레이션 환경 / West Sea-style seabed simulation (not site-specific),Plausible real-world scale envelope for simulation,2.0,3.8,1.5,2.8,0.85,1.7,,,,,,,,,,,,,,,,,,,2.8,2.1,1.25,Approximate simulation scaling; not source-reported,Medium-High,Scaled as an outcrop-sized boulder target.,Sketchfab,https://sketchfab.com/,Exact Sketchfab asset page not provided,,,"Sketchfab asset source as specified by user; exact asset-page URL was not provided. Dimensions are simulation-scale estimates based on plausible real-world object size, not measurements of the downloaded mesh and not evidence that the object originated in the Korean West Sea. West Sea seabed is often mud/sand; use rock assets mainly in rocky or mixed-substrate patches.",Preview filename provided; corresponding 3D model filename/path not supplied,m,auto-linked by preview basename -> verified file on disk (2026-08-09)
artificial_098,Artificial Structure,artificial_reefs.png,2d/artificial_reefs.png,artificial_reef.fbx,3d/artificial_reef.fbx,artificial_reef,1,Sketchfab asset / simulation-scaled,인공어초,Artificial Reef,Concrete/rock-like artificial reef module,Modern/generic simulation asset,서해형 해저 시뮬레이션 환경 / West Sea-style seabed simulation (not site-specific),Plausible real-world scale envelope for West Sea-style simulation,1.5,5.0,1.2,4.0,0.8,2.8,,,,,,,,,,,,,,,,,,,3.0,2.5,1.8,Approximate simulation scaling; not measured from mesh,Medium,Scaled to a medium seabed artificial-reef module; real Korean artificial reefs vary substantially by design.,Sketchfab,https://sketchfab.com/,Exact Sketchfab asset page not provided,,,"3D asset source: Sketchfab, as specified by the user. The exact Sketchfab asset-page URL was not supplied. The dimensions in this row are approximate real-world simulation dimensions, not native mesh dimensions and not evidence that the asset originated in the Korean West Sea. Plausible in Korean coastal waters, but this Sketchfab model is treated only as a generic reef obstacle.",Preview/model pair inferred from supplied folder screenshot,m,"extension corrected artificial_reef.glb -> artificial_reef.fbx (verified on disk, 2026-08-09)"
geological_099,Geological Clutter,beach_rocks.png,,beach_rocks.fbx,,beach_rocks,1,Sketchfab asset / simulation-scaled,해안 암석 군집,Beach Rock Cluster,Natural rock cluster,Modern/generic simulation asset,서해형 해저 시뮬레이션 환경 / West Sea-style seabed simulation (not site-specific),Plausible real-world scale envelope for West Sea-style simulation,1.0,4.0,0.8,3.0,0.25,1.2,,,,,,,,,,,,,,,,,,,2.4,1.8,0.65,Approximate simulation scaling; not measured from mesh,Medium-High,Scaled as a compact cluster of cobbles and small boulders rather than one single rock.,Sketchfab,https://sketchfab.com/,Exact Sketchfab asset page not provided,,,"3D asset source: Sketchfab, as specified by the user. The exact Sketchfab asset-page URL was not supplied. The dimensions in this row are approximate real-world simulation dimensions, not native mesh dimensions and not evidence that the asset originated in the Korean West Sea. Use in mixed-substrate or rocky patches; much of the West Sea seabed is dominated by mud and sand.",Exact basename preview/model match in supplied folder screenshot,m,
geological_100,Geological Clutter,beachrock.png,,beachrock.fbx,,beachrock,1,Sketchfab asset / simulation-scaled,해안 암석,Beach Rock,Natural rock / small outcrop,Modern/generic simulation asset,서해형 해저 시뮬레이션 환경 / West Sea-style seabed simulation (not site-specific),Plausible real-world scale envelope for West Sea-style simulation,0.6,2.5,0.4,1.8,0.25,1.0,,,,,,,,,,,,,,,,,,,1.4,0.95,0.55,Approximate simulation scaling; not measured from mesh,Medium-High,Scaled as an isolated medium rock or small eroded outcrop.,Sketchfab,https://sketchfab.com/,Exact Sketchfab asset page not provided,,,"3D asset source: Sketchfab, as specified by the user. The exact Sketchfab asset-page URL was not supplied. The dimensions in this row are approximate real-world simulation dimensions, not native mesh dimensions and not evidence that the asset originated in the Korean West Sea. Useful as isolated geological sonar clutter in otherwise sandy or muddy scenes.",Exact basename preview/model match in supplied folder screenshot,m,
fishing_gear_101,Fishing Gear,fishtrap.png,,fishtrap.fbx,,fishtrap,1,Sketchfab asset / simulation-scaled,통발 / 어구,Fish Trap,Generic trap / pot fishing gear,Modern/generic simulation asset,서해형 해저 시뮬레이션 환경 / West Sea-style seabed simulation (not site-specific),Plausible real-world scale envelope for West Sea-style simulation,0.6,1.8,0.4,1.2,0.25,0.8,,,,,,,,,,,,,,,,,,,1.1,0.75,0.45,Approximate simulation scaling; not measured from mesh,Medium,Scaled to the footprint of a small-to-medium commercial fish/crab trap.,Sketchfab,https://sketchfab.com/,Exact Sketchfab asset page not provided,,,"3D asset source: Sketchfab, as specified by the user. The exact Sketchfab asset-page URL was not supplied. The dimensions in this row are approximate real-world simulation dimensions, not native mesh dimensions and not evidence that the asset originated in the Korean West Sea. Fishing traps and lost gear are plausible anthropogenic clutter in heavily fished West Sea areas.",Exact basename preview/model match in supplied folder screenshot,m,
geological_102,Geological Clutter,Rock_assets.png,,Rock_assets.fbx,,Rock_assets,1,Sketchfab asset / simulation-scaled,소형 암석 군집,Small Rock Asset Cluster,Natural rock/cobble cluster,Modern/generic simulation asset,서해형 해저 시뮬레이션 환경 / West Sea-style seabed simulation (not site-specific),Plausible real-world scale envelope for West Sea-style simulation,0.8,3.0,0.6,2.4,0.15,0.7,,,,,,,,,,,,,,,,,,,1.8,1.4,0.38,Approximate simulation scaling; not measured from mesh,Medium-High,Scaled as multiple small rocks distributed within one compact cluster footprint.,Sketchfab,https://sketchfab.com/,Exact Sketchfab asset page not provided,,,"3D asset source: Sketchfab, as specified by the user. The exact Sketchfab asset-page URL was not supplied. The dimensions in this row are approximate real-world simulation dimensions, not native mesh dimensions and not evidence that the asset originated in the Korean West Sea. Individual stones should be much smaller than the overall cluster dimensions.",Exact basename preview/model match in supplied folder screenshot,m,
geological_103,Geological Clutter,Rock_assets2.png,,Rock_assets2.fbx,,Rock_assets2,1,Sketchfab asset / simulation-scaled,중형 암석 군집,Medium Rock Asset Cluster,Natural boulder cluster,Modern/generic simulation asset,서해형 해저 시뮬레이션 환경 / West Sea-style seabed simulation (not site-specific),Plausible real-world scale envelope for West Sea-style simulation,1.5,4.5,1.0,3.5,0.35,1.4,,,,,,,,,,,,,,,,,,,2.8,2.1,0.85,Approximate simulation scaling; not measured from mesh,Medium-High,Scaled as a scattered cluster of medium boulders.,Sketchfab,https://sketchfab.com/,Exact Sketchfab asset page not provided,,,"3D asset source: Sketchfab, as specified by the user. The exact Sketchfab asset-page URL was not supplied. The dimensions in this row are approximate real-world simulation dimensions, not native mesh dimensions and not evidence that the asset originated in the Korean West Sea. Appropriate for localized rocky seabed clutter rather than the dominant West Sea sediment type.",Exact basename preview/model match in supplied folder screenshot,m,
geological_104,Geological Clutter,Rock_assets3.png,,Rock_assets3.fbx,,Rock_assets3,1,Sketchfab asset / simulation-scaled,대형 암석 군집,Large Rock Asset Cluster,Natural irregular boulder cluster,Modern/generic simulation asset,서해형 해저 시뮬레이션 환경 / West Sea-style seabed simulation (not site-specific),Plausible real-world scale envelope for West Sea-style simulation,2.0,6.0,1.5,4.5,0.45,1.8,,,,,,,,,,,,,,,,,,,3.6,2.7,1.05,Approximate simulation scaling; not measured from mesh,Medium-High,Scaled as a larger irregular boulder field/cluster.,Sketchfab,https://sketchfab.com/,Exact Sketchfab asset page not provided,,,"3D asset source: Sketchfab, as specified by the user. The exact Sketchfab asset-page URL was not supplied. The dimensions in this row are approximate real-world simulation dimensions, not native mesh dimensions and not evidence that the asset originated in the Korean West Sea. Useful for harder negative examples that can create shipwreck-like sonar highlights and shadows.",Exact basename preview/model match in supplied folder screenshot,m,
fishing_gear_105,Fishing Gear,ropes.png,,ropes.fbx,,ropes,1,Sketchfab asset / simulation-scaled,폐로프 / 밧줄 더미,Discarded Rope Pile,Synthetic-fiber marine rope,Modern/generic simulation asset,서해형 해저 시뮬레이션 환경 / West Sea-style seabed simulation (not site-specific),Plausible real-world scale envelope for West Sea-style simulation,0.6,2.5,0.5,2.0,0.1,0.55,,,,,,,,,,,,,,,,,,,1.35,1.05,0.28,Approximate simulation scaling; not measured from mesh,Medium,Scaled as a tangled rope coil/pile on the seabed; total rope length may be much longer than its footprint.,Sketchfab,https://sketchfab.com/,Exact Sketchfab asset page not provided,,,"3D asset source: Sketchfab, as specified by the user. The exact Sketchfab asset-page URL was not supplied. The dimensions in this row are approximate real-world simulation dimensions, not native mesh dimensions and not evidence that the asset originated in the Korean West Sea. Plausible lost fishing or mooring gear. Footprint dimensions describe the pile, not the uncoiled rope length.",Exact basename preview/model match in supplied folder screenshot,m,
debris_106,Anthropogenic Debris,wood_plank_rotten.png,,wood_plank_rotten.fbx,,wood_plank_rotten,1,Sketchfab asset / simulation-scaled,부식·부패 목재 판재,Rotten Wooden Plank,Waterlogged/rotted timber plank,Modern/generic simulation asset,서해형 해저 시뮬레이션 환경 / West Sea-style seabed simulation (not site-specific),Plausible real-world scale envelope for West Sea-style simulation,1.0,3.5,0.12,0.4,0.03,0.12,,,,,,,,,,,,,,,,,,,2.2,0.25,0.065,Approximate simulation scaling; not measured from mesh,Medium-High,Scaled to common structural or vessel timber-plank dimensions after breakage/decay.,Sketchfab,https://sketchfab.com/,Exact Sketchfab asset page not provided,,,"3D asset source: Sketchfab, as specified by the user. The exact Sketchfab asset-page URL was not supplied. The dimensions in this row are approximate real-world simulation dimensions, not native mesh dimensions and not evidence that the asset originated in the Korean West Sea. Useful non-shipwreck wooden debris or detached wreck-like clutter; avoid labeling it as a shipwreck by itself.",Exact basename preview/model match in supplied folder screenshot,m,
mooring_gear_107,Mooring / Fishing Gear,buoy_chains.png,,buoy_chains.fbx,,buoy_chains,1,Sketchfab asset / simulation-scaled,부표 체인 더미,Buoy Chain Pile,Steel mooring/buoy chain,Modern/generic simulation asset,서해형 해저 시뮬레이션 환경 / West Sea-style seabed simulation (not site-specific),Plausible real-world scale envelope for West Sea-style simulation,0.8,3.0,0.6,2.3,0.15,0.8,,,,,,,,,,,,,,,,,,,1.6,1.25,0.42,Approximate simulation scaling; not measured from mesh,Medium,Scaled as several meters of heavy chain collapsed into a seabed pile.,Sketchfab,https://sketchfab.com/,Exact Sketchfab asset page not provided,,,"3D asset source: Sketchfab, as specified by the user. The exact Sketchfab asset-page URL was not supplied. The dimensions in this row are approximate real-world simulation dimensions, not native mesh dimensions and not evidence that the asset originated in the Korean West Sea. Plausible near buoy, mooring, aquaculture, port, and fishing activity. Dimensions represent the pile footprint.",Exact basename preview/model match in supplied folder screenshot,m,
geological_108,Geological Clutter,ground_pebbles.png,,ground_pebbles.fbx,,ground_pebbles,1,Sketchfab asset / simulation-scaled,해저 자갈 군집,Ground Pebble Cluster,Natural pebbles / gravel,Modern/generic simulation asset,서해형 해저 시뮬레이션 환경 / West Sea-style seabed simulation (not site-specific),Plausible real-world scale envelope for West Sea-style simulation,0.25,0.9,0.2,0.75,0.02,0.1,,,,,,,,,,,,,,,,,,,0.55,0.45,0.06,Approximate simulation scaling; not measured from mesh,Medium-High,"Scaled as a small seabed patch containing pebble-sized stones, with individual stones roughly 0.02-0.08 m across and the listed overall dimensions representing the whole cluster footprint.",Sketchfab,https://sketchfab.com/,Exact Sketchfab asset page not provided,,,"3D asset source: Sketchfab, as specified by the user. Exact Sketchfab asset-page URL was not supplied. Dimensions are approximate real-world simulation scales, not native mesh measurements and not evidence that the asset originated in the Korean West Sea. Suitable for localized gravel or mixed-sediment patches. In West Sea-style scenes, keep these patches less common than mud/sand. Individual pebbles may be below sonar resolution, while a cluster can alter seabed texture.",Exact basename preview/model match in supplied folder screenshot,m,
geological_109,Geological Clutter,pebbles.png,,pebbles.fbx,,pebbles,1,Sketchfab asset / simulation-scaled,자갈 및 소형 돌 군집,Pebble and Small-Stone Cluster,Natural pebbles / small stones,Modern/generic simulation asset,서해형 해저 시뮬레이션 환경 / West Sea-style seabed simulation (not site-specific),Plausible real-world scale envelope for West Sea-style simulation,0.35,1.2,0.25,0.9,0.03,0.15,,,,,,,,,,,,,,,,,,,0.7,0.5,0.08,Approximate simulation scaling; not measured from mesh,Medium-High,"Scaled as a scattered group of pebble-to-small-cobble objects, approximately 0.03-0.12 m per stone, with overall dimensions describing the cluster footprint.",Sketchfab,https://sketchfab.com/,Exact Sketchfab asset page not provided,,,"3D asset source: Sketchfab, as specified by the user. Exact Sketchfab asset-page URL was not supplied. Dimensions are approximate real-world simulation scales, not native mesh measurements and not evidence that the asset originated in the Korean West Sea. Useful as small-scale geological clutter or seabed texture. Use as localized mixed-sediment clutter rather than making the entire West Sea seabed rocky.",Exact basename preview/model match in supplied folder screenshot,m,
debris_110,Anthropogenic Debris,construction_pile.png,,construction_pile.fbx,,construction_pile,1,Sketchfab asset / simulation-scaled,건설 잔해 더미,Construction Rubble Pile,Concrete/stone construction debris,Modern/generic simulation asset,서해형 해저 시뮬레이션 환경 / West Sea-style seabed simulation (not site-specific),Plausible real-world scale envelope for West Sea-style simulation,1.2,5.0,0.9,4.0,0.25,1.4,,,,,,,,,,,,,,,,,,,3.0,2.2,0.8,Approximate simulation scaling; not measured from mesh,Medium,Scaled as a compact underwater construction-rubble pile composed of broken concrete or stone fragments. Overall size represents the pile footprint rather than any single fragment.,Sketchfab,https://sketchfab.com/,Exact Sketchfab asset page not provided,,,"3D asset source: Sketchfab, as specified by the user. Exact Sketchfab asset-page URL was not supplied. Dimensions are approximate real-world simulation scales, not native mesh measurements and not evidence that the asset originated in the Korean West Sea. Plausible anthropogenic clutter near ports, coastal construction, seawalls, bridge works, dumping areas, or other developed coastal zones. It should not be distributed uniformly across natural seabed.",Exact basename preview/model match in supplied folder screenshot,m,
debris_111,Anthropogenic Debris,brick_piles.png,,brick_piles.fbx,,brick_piles,1,Sketchfab asset / simulation-scaled,벽돌 더미,Brick Pile,Brick / masonry rubble,Modern/generic simulation asset,서해형 해저 시뮬레이션 환경 / West Sea-style seabed simulation (not site-specific),Plausible real-world scale envelope for West Sea-style simulation,1.0,4.5,0.4,1.8,0.12,0.55,,,,,,,,,,,,,,,,,,,2.4,0.85,0.28,Approximate simulation scaling; not measured from mesh,Medium,"Scaled as an elongated low pile or scatter of bricks on the seabed. Overall dimensions describe the footprint of the pile, not one brick.",Sketchfab,https://sketchfab.com/,Exact Sketchfab asset page not provided,,,"3D asset source: Sketchfab, as specified by the user. Exact Sketchfab asset-page URL was not supplied. Dimensions are approximate real-world simulation scales, not native mesh measurements and not evidence that the asset originated in the Korean West Sea. Useful as anthropogenic debris near developed coasts, breakwaters, ports, or dumping areas. Can create linear highlights/shadows in sonar while remaining clearly non-shipwreck clutter.",Exact basename preview/model match in supplied folder screenshot,m,
debris_112,Anthropogenic Debris,dirt_brick_pile.png,,dirt_brick_pile.fbx,,dirt_brick_pile,1,Sketchfab asset / simulation-scaled,흙과 벽돌 혼합 잔해 더미,Dirt and Brick Rubble Pile,"Mixed soil, brick, and masonry debris",Modern/generic simulation asset,서해형 해저 시뮬레이션 환경 / West Sea-style seabed simulation (not site-specific),Plausible real-world scale envelope for West Sea-style simulation,1.0,5.0,0.8,4.0,0.2,1.2,,,,,,,,,,,,,,,,,,,2.8,2.0,0.75,Approximate simulation scaling; not measured from mesh,Medium,Scaled as a compact mound of soil mixed with brick fragments and rubble. Overall size represents the mound footprint.,Sketchfab,https://sketchfab.com/,Exact Sketchfab asset page not provided,,,"3D asset source: Sketchfab, as specified by the user. Exact Sketchfab asset-page URL was not supplied. Dimensions are approximate real-world simulation scales, not native mesh measurements and not evidence that the asset originated in the Korean West Sea. Plausible manmade rubble near coastal construction or dumping zones. Should be used as localized clutter rather than a naturally widespread seabed feature.",Exact basename preview/model match in supplied folder screenshot,m,
sediment_113,Sediment Feature,dirt_pile.png,,dirt_pile.fbx,,dirt_pile,1,Sketchfab asset / simulation-scaled,퇴적토 더미,Sediment / Dirt Pile,"Soil, sediment, or dredged material mound",Modern/generic simulation asset,서해형 해저 시뮬레이션 환경 / West Sea-style seabed simulation (not site-specific),Plausible real-world scale envelope for West Sea-style simulation,1.0,6.0,1.0,5.0,0.25,1.8,,,,,,,,,,,,,,,,,,,3.0,2.5,1.0,Approximate simulation scaling; not measured from mesh,Medium,Scaled as a compact mound of loose sediment or dredged material on the seabed. Overall dimensions describe the mound footprint and height.,Sketchfab,https://sketchfab.com/,Exact Sketchfab asset page not provided,,,"3D asset source: Sketchfab, as specified by the user. Exact Sketchfab asset-page URL was not supplied. Dimensions are approximate real-world simulation scales, not native mesh measurements and not evidence that the asset originated in the Korean West Sea. Appropriate for seabed irregularity or dredged spoil-like clutter. Less rigid than rocks or construction debris, and useful for non-shipwreck negative examples.",Exact basename preview/model match in supplied folder screenshot,m,
geological_114,Geological Clutter,stone_piles.png,,stone_piles.fbx,,stone_piles,1,Sketchfab asset / simulation-scaled,돌무더기,Stone Pile Cluster,Natural stones / riprap-like pile,Modern/generic simulation asset,서해형 해저 시뮬레이션 환경 / West Sea-style seabed simulation (not site-specific),Plausible real-world scale envelope for West Sea-style simulation,1.0,5.0,0.8,4.0,0.18,1.3,,,,,,,,,,,,,,,,,,,2.6,1.9,0.65,Approximate simulation scaling; not measured from mesh,Medium-High,Scaled as a clustered pile of stones or riprap fragments. Overall dimensions describe the whole cluster; individual stones are much smaller.,Sketchfab,https://sketchfab.com/,Exact Sketchfab asset page not provided,,,"3D asset source: Sketchfab, as specified by the user. Exact Sketchfab asset-page URL was not supplied. Dimensions are approximate real-world simulation scales, not native mesh measurements and not evidence that the asset originated in the Korean West Sea. Good for rocky or reinforced coastal patches. In West Sea-style scenes, use as localized geological clutter, not as the dominant background everywhere.",Exact basename preview/model match in supplied folder screenshot,m,
debris_115,Anthropogenic Debris,tires2.png,,tires2.fbx,,tires2,1,Sketchfab asset / simulation-scaled,폐타이어 더미,Discarded Tire Pile,Rubber tires,Modern/generic simulation asset,서해형 해저 시뮬레이션 환경 / West Sea-style seabed simulation (not site-specific),Plausible real-world scale envelope for West Sea-style simulation,1.0,4.0,0.8,3.0,0.2,1.2,,,,,,,,,,,,,,,,,,,2.1,1.5,0.55,Approximate simulation scaling; not measured from mesh,Medium,Scaled as a pile of multiple passenger-vehicle-sized tires. Overall dimensions describe the pile footprint rather than one tire.,Sketchfab,https://sketchfab.com/,Exact Sketchfab asset page not provided,,,"3D asset source: Sketchfab, as specified by the user. Exact Sketchfab asset-page URL was not supplied. Dimensions are approximate real-world simulation scales, not native mesh measurements and not evidence that the asset originated in the Korean West Sea. Useful as strong anthropogenic clutter near dumping sites, ports, artificial reefs, or coastal development. Can generate distinctive loop-like shapes and shadows in imagery or sonar.",Exact basename preview/model match in supplied folder screenshot,m,
archaeological_ship_071,Archaeological Ship,dallido_ship_remaining_hull.JPG,3d modeling/shipwreck/preview_images/dallido_ship_remaining_hull.JPG,dallido_ship_remaining_hull.fbx,3d modeling/shipwreck/original_models/dallido_ship_remaining_hull.fbx,dallido,2,remaining hull,달리도선,Dallido Shipwreck,Archaeological shipwreck,고려시대 / Goryeo period,"전라남도 목포시 달리도 해역 / Dallido waters, Mokpo",Reported dimensions,10.5,10.5,2.72,2.72,0.8,0.8,,,,,,,,,,,,,,,,,,,10.5,2.72,0.8,Reported/metadata dimensions,High,,National Research Institute of Maritime Heritage: Dallido Shipwreck,https://www.seamuse.go.kr/research/shipwreck_research/info/82,research record 82,GitHub project inventory and model metadata,https://github.com/KateHwang0929/shipwreck-sonar-ai/tree/main/3d%20modeling,Remaining hull dimensions.,Matched to current repository model filename,m,
archaeological_ship_070,Archaeological Ship,dallido_ship_reconstructed.jpg,2d/dallido_ship_reconstructed.jpg,dallido_ship_reconstruction.fbx,3d/dallido_ship_reconstruction.fbx,dallido,1,full reconstruction,달리도선,Dallido Shipwreck,Archaeological shipwreck,고려 14세기 / 14th-century Goryeo,"전라남도 목포시 달리도 해역 / Dallido waters, Mokpo",Reported reconstruction dimensions,12.0,12.0,3.6,3.6,1.6,1.6,,,,,,,,,,,,,,,,,,,12.0,3.6,1.6,Reconstruction dimensions,Medium-High,,National Research Institute of Maritime Heritage: Dallido Shipwreck,https://www.seamuse.go.kr/research/shipwreck_research/info/82,research record 82,User-supplied model file,,Full reconstruction reference dimensions. Model file supplied; preview image not provided.,Provided FBX matched to reconstruction preview,m,
